trial_key,bestsav_dolac,worstsav_dolac,midsav_dolac
abel_23,96.56249999999989,97.47499999999991,97.01874999999973
amun1_23,46.799999999999955,23.40000000000009,35.09999999999991
amun2_23,46.799999999999955,23.40000000000009,35.09999999999991
