trial_key,trt,estimate,statistic,diff_est,pval,lsd
abel_23,red,187.82499999999993,62.31940540355321,-10.624999999999964,0.046985104544801516,10.429498324934423
abel_23,typ,177.19999999999996,58.79408298953615,-10.624999999999964,0.046985104544801516,10.429498324934423
amun1_23,red,225.92500000000004,116.38463196236167,5.124999999999965,0.11116265464051191,6.717411842603648
amun1_23,typ,231.05,119.02476138056282,5.124999999999965,0.11116265464051191,6.717411842603648
amun2_23,red,145.67500000000004,33.10599520504474,11.249999999999982,0.12063597021097136,15.226907207342029
amun2_23,typ,156.925,35.662662073462464,11.249999999999982,0.12063597021097136,15.226907207342029
