STRIP,TREATMENT (Typical/Reduced),TOTAL N-RATE (units/ac),yield (bu/ac) 15.5%
1,Typical,165,233.6417183
2,Typical,165,217.6843846
3,Reduced,115,201.5338473
4,Typical,165,224.1985882
5,Reduced,115,218.3849562
6,Reduced,115,211.8907349
7,Typical,165,239.587355
8,Reduced,115,215.7633136
