REP,TREATMENT (Typical/Reduced),TOTAL N-RATE (units/ac),yield (bu/ac) @ 15.5%
1,reduced,59,163.0686391
1,typical,108,213.8798817
2,typical,108,202.0633136
2,reduced,59,163.0686391
3,reduced,59,159.5236686
3,typical,108,199.7
4,reduced,59,151.252071
4,typical,108,217.4248521
