STRIP,REP,TREATMENT (Typical/Reduced),TOTAL N-RATE (units/ac),yield (bu/ac) 15.5%
2,1,Reduced,190,191.9609467
4,2,Reduced,190,174.7704142
6,3,Reduced,190,181.2307692
8,4,Reduced,190,192.9100592
10,5,Reduced,190,182.6840237
13,7,Reduced,190,177.9266272
15,8,Reduced,190,170.8402367
1,1,Typical,264,217.4769231
3,2,Typical,264,170.9502959
5,3,Typical,264,175.9431953
7,4,Typical,264,186.2307692
9,5,Typical,264,192.6769231
14,7,Typical,264,170.1029586
16,8,Typical,264,163.991716
